allie
aloe
angel
applebloom
applebumkin
applecore
applefritter
applejack+applejackscarecrow+fillyjack+fillyjacktravel
archer
berrypunch
bigmac
blinkie
bonbon+bonbonstand
boxxy
braeburn
caesar
candymane
caramel
carecake
carrot+carrottop+goldenharvest
celestia+fillistia+fillycelestia
changeling
cheerilee+cheerilee80
chrysalis
clyde
colton
cottoncloudy
cupcake
daisy
daringdo
davenport
derpy+derpysit+derpystand+derpystandwing
diamondmint
diamondtiara
dinky
discord
doctor+doctornohat
elsie
fancypants
fido
fillycadence+fillycadance
fillydash+fillydashfly
flam
fleurdelis
flim
fluttershy+fluttershygala+fluttershyshy+fluttershystare+fillyshy
gilda+gildastand
granny+grannychair+grannysleep
gummy
hoity
horte
inky
ironwillwalk
laflour
lightning
lily
lintsalot
lotus
luna+lunafly
lyra+lyrasit+harpass+heartstrings
maredowellfly+maredowellgallop
master
mayor
minuette+colgate
mjolna
mrssparkle+twilightvelvet
nightmare
noteworthy+blues
octavia
opal
orange
parasprite
philomena
phoenix
photofinish
pinkamina
pinkie+pinkiecannonfront+pinkiecannon+pinkiebounce+pinkiecannonhappy+pinkiegala+pinkiechicken+pinkiehugfluttershy+pinkiegummy+pinkietongue+pinkiesilly
pinkie+pinkiepartycannon+pinkieprincess+pinkiehugsfluttershy+pinkiewhoops+oinkoinkoink+pinkiewhoopsout+pinkiewhoopseat+fillypinkie+fillypinkiecurly
pipsqueak
pokey+perry
rainbow+rainbowdrag+rainbowfly+rainbowgala+rainbowsalute+rainbowsleep
rainbowshine
raindrops
rarity+raritydrama+rarityfly+rarityponder+fillyrarity
raritysdad
raritysmom
redheart
rocky
rose+roseluck
rover
royalguard
royalnightguard
ruby
sapphire
scootaloo
screwball
shadowbolts
shiningarmor+shiningarmorguard+shiningarmour+shiningarmourguard
silverspoon
silverstar
sindy
snails
snips
snowflake+horsepower
soarin
soigne
sparkler
spike+spikefloat+spikelove+spikemustache
spitfire
spot
stella
stevenmagnet+stevenmagnettrue
strongheart
sue+suedance
sweetie
tank
trixie+trixiestage+trixiestand
turnip
twilight+twilightcrazyfromball+twilightfury+twilightzero+fillytwilight
twist
vinyl+djpon-3
violet
wildfire
winona
woona
zecora
